{
  "Rstate": {
    "precision": 0.5,
    "recall": 0.25,
    "f1-score": 0.3333333333333333,
    "support": 8,
    "confused_with": {
      "RState": 5
    }
  },
  "RState": {
    "precision": 0.9802631578947368,
    "recall": 0.9802631578947368,
    "f1-score": 0.9802631578947368,
    "support": 304,
    "confused_with": {
      "Rstate": 2
    }
  },
  "micro avg": {
    "precision": 0.974025974025974,
    "recall": 0.9615384615384616,
    "f1-score": 0.967741935483871,
    "support": 312
  },
  "macro avg": {
    "precision": 0.7401315789473684,
    "recall": 0.6151315789473684,
    "f1-score": 0.6567982456140351,
    "support": 312
  },
  "weighted avg": {
    "precision": 0.967948717948718,
    "recall": 0.9615384615384616,
    "f1-score": 0.9636752136752137,
    "support": 312
  }
}